{"cameraMode":{"drawMode":0,"name":"Shaded","section":"Shading Mode"},"sceneLighting":true,"audioPlay":false,"sceneViewState":{"showFog":true,"showMaterialUpdate":false,"showSkybox":true,"showFlares":true,"showImageEffects":true,"showParticleSystems":true},"in2DMode":false,"pivot":{"x":1.25,"y":1.6700000762939454,"z":2.5350000858306886},"rotation":{"x":0.2600894570350647,"y":0.4476577043533325,"z":-0.13789328932762147,"w":0.8443586826324463},"size":13.599294662475586,"orthographic":false}